{
    "id": 4380528224,
    "scene_width": 64000,
    "scene_height": 64000,
    "nodes": [
        {
            "id": 2583015726240,
            "title": "Start Node",
            "name": 0,
            "pos_x": -1018.6000000000001,
            "pos_y": -339.6,
            "type": 2,
            "inputs": [],
            "outputs": [
                {
                    "id": 2583015726048,
                    "index": 0,
                    "position": 3,
                    "socket_type": 5
                }
            ],
            "content": {
                "content": "time = Afternoon"
            },
            "dir_name": ""
        },
        {
            "id": 2583015778240,
            "title": "Normal",
            "name": 0,
            "pos_x": -451.5999999999999,
            "pos_y": -320.6,
            "type": 0,
            "inputs": [
                {
                    "id": 2583015779488,
                    "index": 0,
                    "position": 1,
                    "socket_type": 0
                }
            ],
            "outputs": [
                {
                    "id": 2583015779536,
                    "index": 0,
                    "position": 3,
                    "socket_type": 0
                }
            ],
            "content": {
                "content": "{0}{1}.....{stop}\n앞에 일상복으로 갈아입은 나나가 자신의 짐을 챙기고 있다."
            },
            "dir_name": ""
        },
        {
            "id": 2582994018016,
            "title": "event",
            "name": 0,
            "pos_x": -94.39999999999989,
            "pos_y": -742.4000000000001,
            "type": 3,
            "inputs": [],
            "outputs": [
                {
                    "id": 2582994030656,
                    "index": 0,
                    "position": 3,
                    "socket_type": 1
                }
            ],
            "content": {
                "content": "0\ncamera_set = c_point0, cut0"
            },
            "dir_name": ""
        },
        {
            "id": 2583015779008,
            "title": "Normal",
            "name": 2,
            "pos_x": 192.20000000000005,
            "pos_y": -466.19999999999993,
            "type": 0,
            "inputs": [
                {
                    "id": 2583015779152,
                    "index": 0,
                    "position": 1,
                    "socket_type": 0
                }
            ],
            "outputs": [
                {
                    "id": 2583015779200,
                    "index": 0,
                    "position": 3,
                    "socket_type": 0
                }
            ],
            "content": {
                "content": "{surprise}!"
            },
            "dir_name": ""
        },
        {
            "id": 2583015779248,
            "title": "Normal",
            "name": 0,
            "pos_x": 604.4000000000003,
            "pos_y": -367.8,
            "type": 0,
            "inputs": [
                {
                    "id": 2583015778912,
                    "index": 0,
                    "position": 1,
                    "socket_type": 0
                }
            ],
            "outputs": [
                {
                    "id": 2583015778960,
                    "index": 0,
                    "position": 3,
                    "socket_type": 0
                }
            ],
            "content": {
                "content": "짐을 챙기고 있던 나나가 깜짝 놀란다.{stop}\n학교에 있었던 그 대단한 일 때문에 할 말이 많다."
            },
            "dir_name": ""
        },
        {
            "id": 2582994017968,
            "title": "Normal",
            "name": 2,
            "pos_x": 1314.5000000000002,
            "pos_y": -362.0999999999999,
            "type": 0,
            "inputs": [
                {
                    "id": 2582994031184,
                    "index": 0,
                    "position": 1,
                    "socket_type": 0
                }
            ],
            "outputs": [
                {
                    "id": 2582994031232,
                    "index": 0,
                    "position": 3,
                    "socket_type": 0
                }
            ],
            "content": {
                "content": "{smile}촬영 외에 모델과 카메라맨의 사적인 대화는 자제해주세요!!!!{idle}"
            },
            "dir_name": ""
        },
        {
            "id": 2582994031280,
            "title": "Normal",
            "name": 0,
            "pos_x": 1653.7500000000005,
            "pos_y": -356.65000000000015,
            "type": 0,
            "inputs": [
                {
                    "id": 2582994031520,
                    "index": 0,
                    "position": 1,
                    "socket_type": 0
                }
            ],
            "outputs": [
                {
                    "id": 2582994031568,
                    "index": 0,
                    "position": 3,
                    "socket_type": 0
                }
            ],
            "content": {
                "content": "!!{stop}!!!{stop}"
            },
            "dir_name": ""
        },
        {
            "id": 2643834750576,
            "title": "event",
            "name": 0,
            "pos_x": -430.4000000000001,
            "pos_y": -742.4000000000002,
            "type": 3,
            "inputs": [],
            "outputs": [
                {
                    "id": 2643834750864,
                    "index": 0,
                    "position": 3,
                    "socket_type": 1
                }
            ],
            "content": {
                "content": "1\nspawn = nana_normal, summon1"
            },
            "dir_name": ""
        },
        {
            "id": 4312246912,
            "title": "event",
            "name": 0,
            "pos_x": 2926.25,
            "pos_y": -744.0000000000001,
            "type": 3,
            "inputs": [],
            "outputs": [
                {
                    "id": 4743063424,
                    "index": 0,
                    "position": 3,
                    "socket_type": 1
                }
            ],
            "content": {
                "content": "0\neventcomplete\nscene = station"
            },
            "dir_name": ""
        },
        {
            "id": 4743063472,
            "title": "Normal",
            "name": 0,
            "pos_x": 3158.6000000000004,
            "pos_y": -284.80000000000007,
            "type": 0,
            "inputs": [
                {
                    "id": 4742987312,
                    "index": 0,
                    "position": 1,
                    "socket_type": 0
                }
            ],
            "outputs": [
                {
                    "id": 4742978720,
                    "index": 0,
                    "position": 3,
                    "socket_type": 0
                }
            ],
            "content": {
                "content": "{0}"
            },
            "dir_name": ""
        },
        {
            "id": 1193029436464,
            "title": "Normal",
            "name": 1,
            "pos_x": 951.2,
            "pos_y": -376.80000000000007,
            "type": 0,
            "inputs": [
                {
                    "id": 1193029401088,
                    "index": 0,
                    "position": 1,
                    "socket_type": 0
                }
            ],
            "outputs": [
                {
                    "id": 1193029401280,
                    "index": 0,
                    "position": 3,
                    "socket_type": 0
                }
            ],
            "content": {
                "content": "나나 씨, 우리 학교 일로 서로 할 말이 있지 않나요?"
            },
            "dir_name": ""
        },
        {
            "id": 1193029401328,
            "title": "Normal",
            "name": 0,
            "pos_x": 2302.400000000001,